count	filename
401762	V224503_4967_2_ThumbnailLane2.png
437319	V224503_4967_1_ThumbnailLane2.png
456648	V224503_4969_1_ThumbnailLane2.png
486525	V242402_4989_1_ThumbnailLane2.png
493912	V224503_4979_1_ThumbnailLane1.png
501831	V242402_4989_2_ThumbnailLane2.png
510150	V242402_5008_1_ThumbnailLane2.png
513701	V242402_4992_1_RunThumbnail.png
519018	V242402_4999_1_ThumbnailLane2.png
531112	V242402_4954_1_ThumbnailLane2.png
534017	V224503_4938_2_ThumbnailLane2.png
536185	V242402_4952_1_ThumbnailLane2.png
541210	V224503_4967_2_ThumbnailLane1.png
553624	V224503_4979_1_ThumbnailLane2.png
554386	V242402_4952_1_ThumbnailLane1.png
558085	V242402_4966_3_ThumbnailLane2.png
558567	V242402_5032_1_ThumbnailLane2.png
559046	V242402_5017_1_ThumbnailLane2.png
560887	V224503_4984_2_ThumbnailLane2.png
562478	V224503_4969_1_ThumbnailLane1.png
563068	V242402_4942_1_ThumbnailLane2.png
569600	V242402_4976_1_ThumbnailLane2.png
571671	V242402_5017_1_ThumbnailLane1.png
582252	V242402_4873_3_ThumbnailLane2.png
584278	V224503_4967_1_ThumbnailLane1.png
590201	V224503_5005_5009_1_ThumbnailLane2.png
594465	V242402_5032_1_ThumbnailLane1.png
595472	V242402_4966_4_ThumbnailLane2.png
599238	V224503_5005_5009_1_ThumbnailLane1.png
600191	V242402_5008_1_ThumbnailLane1.png
600777	V242402_4956_4968_4973_4974_1_ThumbnailLane2.png
601518	V242402_5035_1_ThumbnailLane2.png
602332	V242402_5006_1_ThumbnailLane2.png
605707	V242402_4989_1_ThumbnailLane1.png
615210	V242402_4966_3_ThumbnailLane1.png
624486	V224503_4938_2_ThumbnailLane1.png
624665	V242402_4989_2_ThumbnailLane1.png
625400	V242402_4993_1_RunThumbnail.png
626607	V242402_4942_1_ThumbnailLane1.png
628901	V242402_4999_1_ThumbnailLane1.png
629857	V242402_4954_1_ThumbnailLane1.png
630052	V242402_4982_1_ThumbnailLane2.png
631779	V242402_4966_4_ThumbnailLane1.png
632487	V242402_5006_2_ThumbnailLane2.png
632691	V242402_4953_1_ThumbnailLane2.png
637089	V242402_4409_6_ThumbnailLane2.png
638134	V224503_5029_1_ThumbnailLane2.png
641864	V242402_5024_3_RunThumbnail.png
643134	V224503_4947_1_RunThumbnail.png
644402	V242402_4956_4968_4973_4974_1_ThumbnailLane1.png
646357	V242402_4979_5005_1_ThumbnailLane1.png
648165	V242402_4822_4925_4931_4936_4939_1_ThumbnailLane2.png
653880	V242402_5024_4_RunThumbnail.png
659271	V242402_5006_1_ThumbnailLane1.png
659660	V224503_4987_1_ThumbnailLane2.png
660346	V242402_5003_1_ThumbnailLane2.png
661702	V242402_4962_7_ThumbnailLane2.png
662319	V242402_4976_1_ThumbnailLane1.png
664255	V242402_5021_1_RunThumbnail.png
666931	V242402_5035_1_ThumbnailLane1.png
669074	V242402_5028_1_ThumbnailLane2.png
669280	V224503_5030_5_ThumbnailLane2.png
669746	V224503_5029_1_ThumbnailLane1.png
671119	V224503_4949_1_ThumbnailLane2.png
672727	V224503_5030_4_ThumbnailLane1.png
677511	V224503_5030_4_ThumbnailLane2.png
677738	V224503_4941_2_ThumbnailLane2.png
679958	V242402_4982_1_ThumbnailLane1.png
682873	V224503_5030_1_ThumbnailLane2.png
687080	V242402_4962_3_ThumbnailLane2.png
688848	V224503_4965_2_ThumbnailLane2.png
691525	V242402_4916_5_ThumbnailLane2.png
691720	V224503_4949_1_ThumbnailLane1.png
695744	V242402_4977_1_ThumbnailLane2.png
696425	V242402_4873_3_ThumbnailLane1.png
697032	V224503_4956_4968_4973_4974_4994_1_ThumbnailLane2.png
697111	V224503_4965_1_ThumbnailLane2.png
697207	V224503_5030_5_ThumbnailLane1.png
697398	V224503_5030_7_ThumbnailLane1.png
697687	V224503_5037_1_ThumbnailLane2.png
698694	V242402_4979_5005_1_ThumbnailLane2.png
701090	V224503_5030_6_ThumbnailLane2.png
703844	V242402_4822_4925_4931_4936_4939_1_ThumbnailLane1.png
708548	V224503_4962_6_ThumbnailLane2.png
711515	V242402_5034_1_ThumbnailLane2.png
715244	V242402_5028_1_ThumbnailLane1.png
715403	V224503_5030_6_ThumbnailLane1.png
715754	V242402_5004_1_ThumbnailLane2.png
717383	V224503_5030_1_ThumbnailLane1.png
718013	V242402_4962_1_ThumbnailLane2.png
718532	V242402_4873_4_ThumbnailLane2.png
719253	V242402_4916_5_ThumbnailLane1.png
722352	V242402_5002_5039_1_ThumbnailLane1.png
722995	V224503_4962_10_RunThumbnail.png
724678	V224503_4962_14_RunThumbnail.png
724944	V242402_4962_8_ThumbnailLane2.png
727607	V224503_4987_1_ThumbnailLane1.png
729395	V242402_5034_1_ThumbnailLane1.png
730782	V242402_4962_4_ThumbnailLane2.png
732315	V242402_4953_1_ThumbnailLane1.png
732473	V224503_4965_2_ThumbnailLane1.png
733583	V224503_4965_1_ThumbnailLane1.png
734954	V224503_4960_ThumbnailLane2.png
738121	V242402_4962_11_RunThumbnail.png
738574	V224503_4941_2_ThumbnailLane1.png
739171	V242402_4962_7_ThumbnailLane1.png
742918	V242402_4951_1_ThumbnailLane2.png
743185	V224503_5030_7_ThumbnailLane2.png
744738	V224503_4966_1_ThumbnailLane1.png
745305	V224503_4960_ThumbnailLane1.png
745371	V242402_4977_1_ThumbnailLane1.png
746290	V224503_4962_6_ThumbnailLane1.png
746989	V242402_4409_6_ThumbnailLane1.png
752323	V242402_4962_12_RunThumbnail.png
753867	V224503_5037_1_ThumbnailLane1.png
755688	V242402_4962_2_ThumbnailLane2.png
762450	V242402_4962_4_ThumbnailLane1.png
766408	V242402_4951_1_ThumbnailLane1.png
766859	V242402_4873_4_ThumbnailLane1.png
767536	V242402_4962_3_ThumbnailLane1.png
772115	V242402_4962_8_ThumbnailLane1.png
773599	V242402_5002_5039_1_ThumbnailLane2.png
773604	V242402_5003_2_ThumbnailLane2.png
775235	V242402_5000_2_ThumbnailLane1.png
778435	V242402_4962_1_ThumbnailLane1.png
780255	V242402_5003_1_ThumbnailLane1.png
789160	V242402_5006_2_ThumbnailLane1.png
793022	V242402_4962_2_ThumbnailLane1.png
793858	V242402_5004_1_ThumbnailLane1.png
794495	V242402_5003_2_ThumbnailLane1.png
795325	V242402_5000_1_ThumbnailLane1.png
798221	V242402_4985_1_ThumbnailLane2.png
799526	V242402_5000_1_ThumbnailLane2.png
805557	V242402_5000_2_ThumbnailLane2.png
807398	V224503_4956_4968_4973_4974_4994_1_ThumbnailLane1.png
827981	V242402_4985_1_ThumbnailLane1.png
862991	V224503_4966_1_ThumbnailLane2.png
972129	V224503_4984_2_ThumbnailLane1.png
1040188	V242402_4983_1_RunThumbnail.png
